Model,MSE,RMSE,R²,MAE
XGBoost,231013834.25072837,15199.13926019261,0.9970306257993121,10807.17677734375
LightGBM,230947132.0867687,15196.944827391086,0.9970314831665146,11228.603188035338
RandomForest,292540655.0585739,17103.81989669483,0.9962397807187579,11500.974891666667
